Type,Name,Request Count,Failure Count,Median Response Time,Average Response Time,Min Response Time,Max Response Time,Average Content Size,Requests/s,Failures/s,50%,66%,75%,80%,90%,95%,98%,99%,99.9%,99.99%,100%
POST,Transliterate Bn,2,0,311.86046799848555,316.44554599915864,311.86046799848555,321.03062399983173,155.0,0.034150212648440016,0.0,320,320,320,320,320,320,320,320,320,320,320
POST,Transliterate Hi,11,0,340.0,352.9263622726417,307.7461890006816,503.4790779991454,165.0,0.1878261695664201,0.0,340,340,350,350,400,500,500,500,500,500,500
POST,Transliterate Ta,6,0,340.0,349.8535598331121,301.3189510002121,385.77573700058565,159.0,0.10245063794532006,0.0,380,380,380,380,390,390,390,390,390,390,390
,Aggregated,19,0,340.0,348.11591768400257,301.3189510002121,503.4790779991454,162.05263157894737,0.32442702016018016,0.0,340,340,380,380,400,500,500,500,500,500,500
