Type,Name,Request Count,Failure Count,Median Response Time,Average Response Time,Min Response Time,Max Response Time,Average Content Size,Requests/s,Failures/s,50%,66%,75%,80%,90%,95%,98%,99%,99.9%,99.99%,100%
POST,Transliterate Bn,7,0,300.0,307.77059157117037,216.9001889997162,444.3169649985066,155.0,0.12117242543467951,0.0,300,300,330,330,440,440,440,440,440,440,440
POST,Transliterate Hi,4,0,330.0,325.3849992497635,291.4499899998191,344.2551269999967,165.0,0.06924138596267401,0.0,340,340,340,340,340,340,340,340,340,340,340
POST,Transliterate Ta,8,0,360.0,344.7907713753011,294.08359800072503,370.38906300040253,159.0,0.13848277192534802,0.0,360,370,370,370,370,370,370,370,370,370,370
,Aggregated,19,0,330.0,327.06633205261346,216.9001889997162,444.3169649985066,158.78947368421052,0.32889658332270155,0.0,330,340,360,370,370,440,440,440,440,440,440
