Type,Name,Request Count,Failure Count,Median Response Time,Average Response Time,Min Response Time,Max Response Time,Average Content Size,Requests/s,Failures/s,50%,66%,75%,80%,90%,95%,98%,99%,99.9%,99.99%,100%
POST,Transliterate Bn,187,0,260.0,282.16133290379975,209.32724200065422,1532.8499070001271,155.0,1.044128326011332,0.0,260,290,310,320,340,360,480,540,1500,1500,1500
POST,Transliterate Hi,183,0,280.0,309.211692213044,229.34534399973927,1494.9440479995246,165.0,1.0217940302677742,0.0,280,300,320,330,360,370,700,1500,1500,1500,1500
POST,Transliterate Ta,176,0,290.0,306.5056970737962,244.3257690010796,1369.3256229998951,159.0,0.9827090127165479,0.0,290,310,320,330,360,370,390,510,1400,1400,1400
,Aggregated,546,0,280.0,299.0749296941134,209.32724200065422,1532.8499070001271,159.64102564102564,3.0486313689956543,0.0,280,300,320,320,350,370,480,700,1500,1500,1500
