Type,Name,Request Count,Failure Count,Median Response Time,Average Response Time,Min Response Time,Max Response Time,Average Content Size,Requests/s,Failures/s,50%,66%,75%,80%,90%,95%,98%,99%,99.9%,99.99%,100%
POST,Transliterate Bn,30,0,280.0,297.279740700166,230.93997899923124,600.5725510003685,155.0,0.5201592726182082,0.0,280,300,310,320,420,490,600,600,600,600,600
POST,Transliterate Hi,35,0,320.0,369.16783437144267,235.2290130002075,1449.4205150003836,165.0,0.6068524847212428,0.0,320,350,370,390,470,710,1400,1400,1400,1400,1400
POST,Transliterate Ta,24,0,300.0,369.7104949585537,245.94197300029919,1528.887587999634,159.0,0.4161274180945665,0.0,300,330,360,380,430,480,1500,1500,1500,1500,1500
,Aggregated,89,0,300.0,345.0822281237164,230.93997899923124,1528.887587999634,160.01123595505618,1.5431391754340174,0.0,300,320,350,370,430,490,1400,1500,1500,1500,1500
