Type,Name,Request Count,Failure Count,Median Response Time,Average Response Time,Min Response Time,Max Response Time,Average Content Size,Requests/s,Failures/s,50%,66%,75%,80%,90%,95%,98%,99%,99.9%,99.99%,100%
POST,Transliterate Bn,761,253,230.0,197.51472126417045,48.2310339994001,1457.0385989991337,149.68068331143232,2.543965770574092,0.8457599736599807,230,240,250,260,290,320,350,430,1500,1500,1500
POST,Transliterate Hi,788,298,250.0,199.85362246826278,48.766406000140705,1473.6374900003284,155.16751269035532,2.6342247400951178,0.9961915895283567,250,260,270,270,310,330,380,480,1500,1500,1500
POST,Transliterate Ta,778,276,260.0,220.8568124537273,48.476626001502154,2507.1718219987815,151.90488431876608,2.6007954921243672,0.9226472439927061,260,280,290,290,320,360,420,660,2500,2500,2500
,Aggregated,2327,827,240.0,206.11085409369335,48.2310339994001,2507.1718219987815,152.2823377739579,7.7789860027935775,2.7645988071810437,240,260,270,280,310,340,390,520,1500,2500,2500
