Type,Name,Request Count,Failure Count,Median Response Time,Average Response Time,Min Response Time,Max Response Time,Average Content Size,Requests/s,Failures/s,50%,66%,75%,80%,90%,95%,98%,99%,99.9%,99.99%,100%
POST,Transliterate Bn,9,0,300.0,291.78114533311197,251.96079799934523,332.09253000677563,155.0,0.16119363842245765,0.0,300,300,310,310,330,330,330,330,330,330,330
POST,Transliterate Hi,5,0,340.0,333.19675120001193,282.7001210025628,367.20199300179956,165.0,0.0895520213458098,0.0,340,340,340,370,370,370,370,370,370,370,370
POST,Transliterate Ta,5,0,380.0,441.73885219934164,350.7053220018861,672.1277899996494,159.0,0.0895520213458098,0.0,380,420,420,670,670,670,670,670,670,670,670
,Aggregated,19,0,330.0,342.14254342077766,251.96079799934523,672.1277899996494,158.68421052631578,0.34029768111407727,0.0,330,340,370,380,420,670,670,670,670,670,670
