Type,Name,Request Count,Failure Count,Median Response Time,Average Response Time,Min Response Time,Max Response Time,Average Content Size,Requests/s,Failures/s,50%,66%,75%,80%,90%,95%,98%,99%,99.9%,99.99%,100%
POST,Transliterate Bn,3,0,330.0,299.54128866665997,237.0860220034956,332.82378999865614,155.0,0.05551126000822674,0.0,330,330,330,330,330,330,330,330,330,330,330
POST,Transliterate Hi,7,0,340.0,394.6158951439429,258.1586640008027,694.5417020033346,165.0,0.12952627335252906,0.0,340,390,440,440,690,690,690,690,690,690,690
POST,Transliterate Ta,8,0,340.0,337.39634749872494,267.2174859981169,420.1837630025693,159.0,0.14803002668860463,0.0,360,370,380,380,420,420,420,420,420,420,420
,Aggregated,18,0,330.0,353.3392173331878,237.0860220034956,694.5417020033346,160.66666666666666,0.3330675600493604,0.0,340,360,380,390,440,690,690,690,690,690,690
